timestamp,message_id,channel,sender_name,sender_domain,claimed_identity,claimed_role,claimed_organisation,message_text,context,expected_label,expected_attack_category
2026-10-03T09:00:00,msg001,email,ceo.office@acme-corp-login.top,acme-corp-login.top,Acme Corporation CEO Office,CEO,Acme Corporation,This is the CEO. I am in a meeting and need you to change the vendor bank details immediately and transfer the advance payment before midnight. Keep this confidential and do not call finance.,reported by Acme Corporation security/finance/HR staff,malicious,business_email_compromise
2026-10-03T09:15:00,msg002,email,payroll@acme-payroll-update.xyz,acme-payroll-update.xyz,Acme Corporation Payroll,HR Manager,Acme Corporation,Your salary revision is approved. Share your bank account number and OTP on the payroll form today or salary processing will be delayed. Click the link below.,reported by Acme Corporation security/finance/HR staff,malicious,credential_harvesting
2026-10-03T09:30:00,msg003,sms,+919800000001,+919800000001,Acme Corporation Security Team,Security Officer,Acme Corporation,Your account is suspended. Confirm your OTP immediately on the verification link or your access will be blocked. Do not tell anyone.,reported by Acme Corporation security/finance/HR staff,malicious,credential_harvesting
2026-10-03T09:45:00,msg004,email,tax-notice@gmail.com,gmail.com,Income Tax Department,Tax Officer,Acme Corporation,"Final notice. Your organisation has a tax violation. Pay the penalty today and submit your PAN, password and OTP to avoid legal action.",reported by Acme Corporation security/finance/HR staff,malicious,credential_harvesting
2026-10-03T10:00:00,msg005,email,finance@invoice-approval.top,invoice-approval.top,Acme Corporation Accounts,Finance Officer,Acme Corporation,URGENT: change the vendor beneficiary today and transfer the advance payment before midnight. Confirm your OTP to authorise the payment. Do not discuss this with anyone.,reported by Acme Corporation security/finance/HR staff,malicious,business_email_compromise
2026-10-03T10:15:00,msg006,email,security@acme-secure-login.xyz,acme-secure-login.xyz,Acme Corporation Security Team,IT Security,Acme Corporation,We detected a login from an unknown device. Verify your password and OTP immediately at https://acme-secure-login.xyz or access will be blocked.,reported by Acme Corporation security/finance/HR staff,malicious,credential_harvesting
2026-10-03T10:30:00,msg007,sms,+919800000002,+919800000002,Delhi Police Cyber Cell,Cyber Officer,Acme Corporation,URGENT government notice. Your bank account is linked to a fraud case. Send your OTP now to prevent arrest and do not call anyone to verify.,reported by Acme Corporation security/finance/HR staff,malicious,credential_harvesting
2026-10-03T10:45:00,msg008,email,director@acme-corp-support.com,acme-corp-support.com,Acme Corporation Director,Director,Acme Corporation,"I am the Director. Purchase gift cards for the client immediately and send the gift card codes. I am unavailable for calls, so keep this confidential.",reported by Acme Corporation security/finance/HR staff,malicious,business_email_compromise
2026-10-03T11:00:00,msg009,email,registrar@acme-campus-update.top,acme-campus-update.top,Acme Corporation Administration,Registrar,Acme Corporation,Your employee access is suspended pending verification. Upload your ID and password through the verification portal immediately.,reported by Acme Corporation security/finance/HR staff,malicious,credential_harvesting
2026-10-03T11:15:00,msg010,social,@acme_support_verify,acme-support-verify.xyz,Acme Corporation Support,Support Administrator,Acme Corporation,Your support case will close today. Click the link and enter your login credentials and verification code to keep the case active.,reported by Acme Corporation security/finance/HR staff,malicious,credential_harvesting
2026-10-03T11:30:00,msg011,email,cfo@acme-corp.co,acme-corp.co,Acme Corporation CFO,CFO,Acme Corporation,I need an urgent confidential transfer to the new beneficiary before the board meeting. Do not involve the accounts team until the payment is completed.,reported by Acme Corporation security/finance/HR staff,malicious,business_email_compromise
2026-10-03T11:45:00,msg012,email,hr@acme-hr-portal.top,acme-hr-portal.top,Acme Corporation HR,HR Manager,Acme Corporation,"Complete your payroll verification immediately. Enter your employee ID, password and OTP in the attached form or your salary will be delayed.",reported by Acme Corporation security/finance/HR staff,malicious,credential_harvesting
2026-10-03T12:00:00,msg013,sms,+919800000003,+919800000003,Acme Corporation Legal,Legal Officer,Acme Corporation,A case has been registered for money laundering. Your company account will be frozen within 24 hours. Pay the penalty and send the verification code immediately.,reported by Acme Corporation security/finance/HR staff,malicious,credential_harvesting
2026-10-03T12:15:00,msg014,email,board@acme-corp-security.xyz,acme-corp-security.xyz,Acme Corporation Board,Board Office,Acme Corporation,The board requires an immediate vendor payment. Send the beneficiary details and confirm the transaction code. Do not contact anyone else.,reported by Acme Corporation security/finance/HR staff,malicious,business_email_compromise
2026-10-03T12:30:00,msg015,email,it-helpdesk@acme-account-verify.top,acme-account-verify.top,Acme Corporation IT Helpdesk,IT Administrator,Acme Corporation,Your password expires today. Verify your current password and OTP on the secure form immediately or your account will be deactivated.,reported by Acme Corporation security/finance/HR staff,malicious,credential_harvesting
2026-10-03T12:45:00,msg016,email,director@acme-board-secure.top,acme-board-secure.top,Acme Corporation Director,Director,Acme Corporation,I am the Director and need the supplier payment approved immediately. Send the beneficiary confirmation and keep this confidential until the board meeting.,reported by Acme Corporation security/finance/HR staff,malicious,business_email_compromise
2026-10-03T13:00:00,msg017,email,cfo@acme-finance-update.xyz,acme-finance-update.xyz,Acme Corporation CFO,CFO,Acme Corporation,Urgent confidential request: transfer the invoice amount to the new beneficiary before midnight and reply with the transaction code. Do not contact finance to verify.,reported by Acme Corporation security/finance/HR staff,malicious,business_email_compromise
2026-10-03T13:15:00,msg018,email,hr@acme-salary-verify.top,acme-salary-verify.top,Acme Corporation HR,HR Manager,Acme Corporation,"Your payroll account needs immediate verification. Enter your employee ID, bank account number and OTP on the secure form or salary processing will be delayed.",reported by Acme Corporation security/finance/HR staff,malicious,credential_harvesting
2026-10-03T13:30:00,msg019,email,it@acme-password-reset.xyz,acme-password-reset.xyz,Acme Corporation IT Helpdesk,IT Administrator,Acme Corporation,Your account will be deactivated today. Click the verification link and submit your current password and OTP immediately.,reported by Acme Corporation security/finance/HR staff,malicious,credential_harvesting
2026-10-03T13:45:00,msg020,sms,+919877777777,+919877777777,Acme Corporation Security Team,Security Officer,Acme Corporation,Final security warning: confirm your OTP now or access will be blocked. Do not tell anyone and do not call the helpdesk.,reported by Acme Corporation security/finance/HR staff,malicious,credential_harvesting
2026-10-03T14:00:00,msg021,email,ceo.office@acme-board.top,acme-board.top,Acme Corporation CEO Office,CEO,Acme Corporation,Urgent and confidential: approve the new supplier payment immediately. Send the beneficiary confirmation and do not discuss this request with finance.,reported by Acme Corporation security/finance/HR staff,malicious,business_email_compromise
2026-10-03T14:15:00,msg022,email,finance-director@acme-vendor-support.xyz,acme-vendor-support.xyz,Acme Corporation Finance,Finance Director,Acme Corporation,The vendor has changed its bank details. Transfer the invoice amount today and reply with the transaction code so I can close the payment.,reported by Acme Corporation security/finance/HR staff,malicious,business_email_compromise
2026-10-03T14:30:00,msg023,email,cfo.office@acme-securemail.top,acme-securemail.top,Acme Corporation CFO Office,CFO,Acme Corporation,I am travelling and cannot take calls. Purchase the requested gift cards and send me the codes before the client meeting.,reported by Acme Corporation security/finance/HR staff,malicious,business_email_compromise
2026-10-03T14:45:00,msg024,sms,+919811111111,+919811111111,Acme Corporation IT Security,Security Officer,Acme Corporation,Final warning: your account will be blocked. Click here and enter your password and OTP within 30 minutes.,reported by Acme Corporation security/finance/HR staff,malicious,credential_harvesting
2026-10-03T15:00:00,msg025,email,verify@acme-login.xyz,acme-login.xyz,Acme Corporation Helpdesk,IT Administrator,Acme Corporation,We detected unusual activity. Verify your identity at https://acme-login.xyz and submit your password and verification code.,reported by Acme Corporation security/finance/HR staff,malicious,credential_harvesting
2026-10-03T15:15:00,msg026,sms,+919822222222,+919822222222,Income Tax Department,Tax Officer,Acme Corporation,Immediate compliance required. Submit your PAN and OTP today or legal action will follow. Do not contact the sender to verify.,reported by Acme Corporation security/finance/HR staff,malicious,credential_harvesting
2026-10-03T15:30:00,msg027,email,cybercell.notice@gmail.com,gmail.com,Police Cyber Cell,Cyber Officer,Acme Corporation,Your account is linked to a fraud investigation. Send the verification code immediately to avoid a warrant.,reported by Acme Corporation security/finance/HR staff,malicious,credential_harvesting
2026-10-03T15:45:00,msg028,email,court-notice@legal-case.top,legal-case.top,District Court,Court Officer,Acme Corporation,Court notice: respond today using the verification form and provide your identification number. Failure to comply may result in arrest.,reported by Acme Corporation security/finance/HR staff,malicious,authority_impersonation
2026-10-03T16:00:00,msg029,email,hr@acme-benefits-update.top,acme-benefits-update.top,Acme Corporation HR,HR Manager,Acme Corporation,Your payroll record is incomplete. Upload your bank account number and employee ID today to avoid delayed salary processing.,reported by Acme Corporation security/finance/HR staff,malicious,hr_payroll_fraud
2026-10-03T16:15:00,msg030,sms,+919833333333,+919833333333,Acme Corporation HR,HR Administrator,Acme Corporation,Urgent salary verification. Reply with your bank account number and verification code before 5 PM.,reported by Acme Corporation security/finance/HR staff,malicious,credential_harvesting
2026-10-03T16:30:00,msg031,email,support@acme-secure-support.xyz,acme-secure-support.xyz,Acme Corporation Support,Support Team,Acme Corporation,Your support ticket is expiring. Click the verification link and sign in to keep the ticket active.,reported by Acme Corporation security/finance/HR staff,malicious,brand_identity_spoofing
2026-10-03T16:45:00,msg032,email,notice@acme-customer-care.top,acme-customer-care.top,Acme Corporation Customer Care,Customer Care,Acme Corporation,Your account requires KYC update today. Click the link and submit your login credentials to prevent suspension.,reported by Acme Corporation security/finance/HR staff,malicious,credential_harvesting
2026-10-03T17:00:00,msg033,email,security@acme-alerts.top,acme-alerts.top,Acme Corporation Security Team,Security Officer,Acme Corporation,A suspicious login was detected. Verify your password immediately and do not tell anyone about this alert.,reported by Acme Corporation security/finance/HR staff,malicious,credential_harvesting
2026-10-03T17:15:00,msg034,sms,+919844444444,+919844444444,Acme Corporation IT Security,Security Administrator,Acme Corporation,Your access will be blocked unless you confirm the OTP on the verification portal now.,reported by Acme Corporation security/finance/HR staff,malicious,credential_harvesting
2026-10-03T17:30:00,msg035,email,procurement@acme-procure.top,acme-procure.top,Acme Corporation Procurement,Procurement Head,Acme Corporation,The supplier bank account has changed. Please update the beneficiary and release the advance payment today. Keep this request confidential.,reported by Acme Corporation security/finance/HR staff,malicious,business_email_compromise
2026-10-03T17:45:00,msg036,email,executive@acme-board-update.top,acme-board-update.top,Acme Corporation Executive Office,Director,Acme Corporation,Urgent confidential request: approve the supplier payment and send the transaction confirmation before the meeting. Do not contact the finance team.,reported by Acme Corporation security/finance/HR staff,malicious,business_email_compromise
2026-10-03T18:00:00,msg037,email,verification@acme-login-support.xyz,acme-login-support.xyz,Acme Corporation IT Security,Security Officer,Acme Corporation,Your account requires immediate verification. Click the link and enter your password and OTP or access will be suspended.,reported by Acme Corporation security/finance/HR staff,malicious,credential_harvesting
2026-10-03T18:15:00,msg038,sms,+919855555555,+919855555555,Acme Corporation Payroll,Payroll Administrator,Acme Corporation,Your payroll record is incomplete. Reply with your bank account number and verification code immediately to avoid salary delay.,reported by Acme Corporation security/finance/HR staff,malicious,credential_harvesting
2026-10-03T18:30:00,msg039,email,notice@acme-tax-alert.top,acme-tax-alert.top,Income Tax Department,Tax Officer,Acme Corporation,Final tax notice: submit your PAN and verification code today before 5 PM or legal proceedings may begin. Do not call this number to verify.,reported by Acme Corporation security/finance/HR staff,malicious,credential_harvesting
2026-10-03T18:45:00,msg040,email,vendor@acme-procurement.xyz,acme-procurement.xyz,Acme Corporation Procurement,Procurement Head,Acme Corporation,The supplier beneficiary has changed. Update the bank details and release the advance payment immediately. Keep this request confidential.,reported by Acme Corporation security/finance/HR staff,malicious,business_email_compromise
2026-10-03T19:00:00,msg041,email,executive@acme-board-update.top,acme-board-update.top,Acme Corporation Executive Office,Director,Acme Corporation,Urgent confidential request: approve the supplier payment and send the transaction confirmation before the meeting. Do not contact the finance team.,reported by Acme Corporation security/finance/HR staff,malicious,business_email_compromise
2026-10-03T19:15:00,msg042,email,verification@acme-login-support.xyz,acme-login-support.xyz,Acme Corporation IT Security,Security Officer,Acme Corporation,Your account requires immediate verification. Click the link and enter your password and OTP or access will be suspended.,reported by Acme Corporation security/finance/HR staff,malicious,credential_harvesting
2026-10-03T19:30:00,msg043,sms,+919855555555,+919855555555,Acme Corporation Payroll,Payroll Administrator,Acme Corporation,Your payroll record is incomplete. Reply with your bank account number and verification code today before 5 PM to avoid salary delay.,reported by Acme Corporation security/finance/HR staff,malicious,credential_harvesting
2026-10-03T19:45:00,msg044,email,notice@acme-tax-alert.top,acme-tax-alert.top,Income Tax Department,Tax Officer,Acme Corporation,Final tax notice: submit your PAN and verification code immediately or legal proceedings may begin. Do not call this number to verify.,reported by Acme Corporation security/finance/HR staff,malicious,credential_harvesting
2026-10-03T20:00:00,msg045,email,vendor@acme-procurement.xyz,acme-procurement.xyz,Acme Corporation Procurement,Procurement Head,Acme Corporation,The supplier beneficiary has changed. Update the bank details and release the advance payment immediately. Keep this request confidential.,reported by Acme Corporation security/finance/HR staff,malicious,business_email_compromise
2026-10-03T20:15:00,msg046,email,executive@acme-board-update.top,acme-board-update.top,Acme Corporation Executive Office,Director,Acme Corporation,Urgent confidential request: approve the supplier payment and send the transaction confirmation before the meeting. Do not contact the finance team.,reported by Acme Corporation security/finance/HR staff,malicious,business_email_compromise
2026-10-03T20:30:00,msg047,email,verification@acme-login-support.xyz,acme-login-support.xyz,Acme Corporation IT Security,Security Officer,Acme Corporation,Your account requires immediate verification. Click the link and enter your password and OTP or access will be suspended.,reported by Acme Corporation security/finance/HR staff,malicious,credential_harvesting
2026-10-03T20:45:00,msg048,sms,+919855555555,+919855555555,Acme Corporation Payroll,Payroll Administrator,Acme Corporation,Your payroll record is incomplete. Reply with your bank account number and verification code immediately to avoid salary delay.,reported by Acme Corporation security/finance/HR staff,malicious,credential_harvesting
2026-10-03T21:00:00,msg049,email,notice@acme-tax-alert.top,acme-tax-alert.top,Income Tax Department,Tax Officer,Acme Corporation,Final tax notice: submit your PAN and verification code today before 5 PM or legal proceedings may begin. Do not call this number to verify.,reported by Acme Corporation security/finance/HR staff,malicious,credential_harvesting
2026-10-03T21:15:00,msg050,email,vendor@acme-procurement.xyz,acme-procurement.xyz,Acme Corporation Procurement,Procurement Head,Acme Corporation,The supplier beneficiary has changed. Update the bank details and release the advance payment immediately. Keep this request confidential.,reported by Acme Corporation security/finance/HR staff,malicious,business_email_compromise
2026-10-03T21:30:00,msg051,email,executive@acme-board-update.top,acme-board-update.top,Acme Corporation Executive Office,Director,Acme Corporation,Urgent confidential request: approve the supplier payment and send the transaction confirmation before the meeting. Do not contact the finance team.,reported by Acme Corporation security/finance/HR staff,malicious,business_email_compromise
2026-10-03T21:45:00,msg052,email,verification@acme-login-support.xyz,acme-login-support.xyz,Acme Corporation IT Security,Security Officer,Acme Corporation,Your account requires immediate verification. Click the link and enter your password and OTP or access will be suspended.,reported by Acme Corporation security/finance/HR staff,malicious,credential_harvesting
2026-10-03T22:00:00,msg053,sms,+919855555555,+919855555555,Acme Corporation Payroll,Payroll Administrator,Acme Corporation,Your payroll record is incomplete. Reply with your bank account number and verification code today before 5 PM to avoid salary delay.,reported by Acme Corporation security/finance/HR staff,malicious,credential_harvesting
2026-10-03T22:15:00,msg054,email,notice@acme-tax-alert.top,acme-tax-alert.top,Income Tax Department,Tax Officer,Acme Corporation,Final tax notice: submit your PAN and verification code immediately or legal proceedings may begin. Do not call this number to verify.,reported by Acme Corporation security/finance/HR staff,malicious,credential_harvesting
2026-10-03T22:30:00,msg055,email,vendor@acme-procurement.xyz,acme-procurement.xyz,Acme Corporation Procurement,Procurement Head,Acme Corporation,The supplier beneficiary has changed. Update the bank details and release the advance payment immediately. Keep this request confidential.,reported by Acme Corporation security/finance/HR staff,malicious,business_email_compromise
2026-10-03T22:45:00,msg056,email,executive@acme-board-update.top,acme-board-update.top,Acme Corporation Executive Office,Director,Acme Corporation,Urgent confidential request: approve the supplier payment and send the transaction confirmation before the meeting. Do not contact the finance team.,reported by Acme Corporation security/finance/HR staff,malicious,business_email_compromise
2026-10-03T23:00:00,msg057,email,verification@acme-login-support.xyz,acme-login-support.xyz,Acme Corporation IT Security,Security Officer,Acme Corporation,Your account requires immediate verification. Click the link and enter your password and OTP or access will be suspended.,reported by Acme Corporation security/finance/HR staff,malicious,credential_harvesting
2026-10-03T23:15:00,msg058,sms,+919855555555,+919855555555,Acme Corporation Payroll,Payroll Administrator,Acme Corporation,Your payroll record is incomplete. Reply with your bank account number and verification code immediately to avoid salary delay.,reported by Acme Corporation security/finance/HR staff,malicious,credential_harvesting
2026-10-03T23:30:00,msg059,email,notice@acme-tax-alert.top,acme-tax-alert.top,Income Tax Department,Tax Officer,Acme Corporation,Final tax notice: submit your PAN and verification code today before 5 PM or legal proceedings may begin. Do not call this number to verify.,reported by Acme Corporation security/finance/HR staff,malicious,credential_harvesting
2026-10-03T23:45:00,msg060,email,vendor@acme-procurement.xyz,acme-procurement.xyz,Acme Corporation Procurement,Procurement Head,Acme Corporation,The supplier beneficiary has changed. Update the bank details and release the advance payment immediately. Keep this request confidential.,reported by Acme Corporation security/finance/HR staff,malicious,business_email_compromise
2026-10-04T00:00:00,msg061,email,compliance@acme-corp.com,acme-corp.com,Acme Corporation Compliance,Compliance Officer,Acme Corporation,Please complete the mandatory compliance training before the deadline shown in the official learning portal.,organisation communication sample,malicious,authority_impersonation
2026-10-04T00:15:00,msg062,email,legal@acme-corp.com,acme-corp.com,Acme Corporation Legal,Legal Officer,Acme Corporation,The legal team requests that managers review the updated policy before Friday. Contact legal through the internal directory.,organisation communication sample,malicious,authority_impersonation
2026-10-04T00:30:00,msg063,email,security@acme-corp.com,acme-corp.com,Acme Corporation Security Team,Security Officer,Acme Corporation,Important security notice: please review the new account-protection guidance today. We will never ask for passwords.,organisation communication sample,malicious,credential_harvesting
2026-10-04T00:45:00,msg064,email,hr@acme-corp.com,acme-corp.com,Acme Corporation HR,HR Manager,Acme Corporation,Final reminder: benefits enrollment closes today. Please use the official HR portal if you still need to complete enrollment.,organisation communication sample,malicious,hr_payroll_fraud
2026-10-04T01:00:00,msg065,email,finance@acme-corp.com,acme-corp.com,Acme Corporation Finance,Finance Officer,Acme Corporation,Urgent reminder for managers: approved invoices should be reviewed before the monthly close. No bank details are requested.,organisation communication sample,malicious,business_email_compromise
2026-10-04T01:15:00,msg066,email,registrar@acme-corp.com,acme-corp.com,Acme Corporation Administration,Registrar,Acme Corporation,The annual records review is due this week. Please follow the standard internal process for document submission.,organisation communication sample,malicious,brand_identity_spoofing
2026-10-04T01:30:00,msg067,email,support@acme-corp.com,acme-corp.com,Acme Corporation Support,Support Team,Acme Corporation,Your support ticket is pending. Please respond through the official support portal if additional information is needed.,organisation communication sample,malicious,hr_payroll_fraud
2026-10-04T01:45:00,msg068,email,it@acme-corp.com,acme-corp.com,Acme Corporation IT Helpdesk,IT Administrator,Acme Corporation,Important: scheduled maintenance begins tonight. Please save your work before the maintenance window.,organisation communication sample,malicious,security_impersonation
2026-10-04T02:00:00,msg069,email,accounts@acme-corp.com,acme-corp.com,Acme Corporation Accounts,Accounts Manager,Acme Corporation,Please review the invoice register today so the month-end reconciliation can be completed on time.,organisation communication sample,malicious,business_email_compromise
2026-10-04T02:15:00,msg070,email,board@acme-corp.com,acme-corp.com,Acme Corporation Board Office,Board Secretary,Acme Corporation,Confidential board materials are available in the internal document repository. Do not forward them outside the company.,organisation communication sample,malicious,brand_identity_spoofing
2026-10-04T02:30:00,msg071,email,compliance@acme-corp.com,acme-corp.com,Acme Corporation Compliance,Compliance Officer,Acme Corporation,Please complete the mandatory compliance training before the deadline shown in the official learning portal.,organisation communication sample,malicious,authority_impersonation
2026-10-04T02:45:00,msg072,email,legal@acme-corp.com,acme-corp.com,Acme Corporation Legal,Legal Officer,Acme Corporation,The legal team requests that managers review the updated policy before Friday. Contact legal through the internal directory.,organisation communication sample,malicious,authority_impersonation
2026-10-04T03:00:00,msg073,email,security@acme-corp.com,acme-corp.com,Acme Corporation Security Team,Security Officer,Acme Corporation,Important security notice: please review the new account-protection guidance today. We will never ask for passwords.,organisation communication sample,malicious,credential_harvesting
2026-10-04T03:15:00,msg074,email,hr@acme-corp.com,acme-corp.com,Acme Corporation HR,HR Manager,Acme Corporation,Final reminder: benefits enrollment closes today. Please use the official HR portal if you still need to complete enrollment.,organisation communication sample,malicious,hr_payroll_fraud
2026-10-04T03:30:00,msg075,email,finance@acme-corp.com,acme-corp.com,Acme Corporation Finance,Finance Officer,Acme Corporation,Urgent reminder for managers: approved invoices should be reviewed before the monthly close. No bank details are requested.,organisation communication sample,malicious,business_email_compromise
2026-10-04T03:45:00,msg076,email,registrar@acme-corp.com,acme-corp.com,Acme Corporation Administration,Registrar,Acme Corporation,The annual records review is due this week. Please follow the standard internal process for document submission.,organisation communication sample,malicious,brand_identity_spoofing
2026-10-04T04:00:00,msg077,email,support@acme-corp.com,acme-corp.com,Acme Corporation Support,Support Team,Acme Corporation,Your support ticket is pending. Please respond through the official support portal if additional information is needed.,organisation communication sample,malicious,hr_payroll_fraud
2026-10-04T04:15:00,msg078,email,it@acme-corp.com,acme-corp.com,Acme Corporation IT Helpdesk,IT Administrator,Acme Corporation,Important: scheduled maintenance begins tonight. Please save your work before the maintenance window.,organisation communication sample,malicious,security_impersonation
2026-10-04T04:30:00,msg079,email,accounts@acme-corp.com,acme-corp.com,Acme Corporation Accounts,Accounts Manager,Acme Corporation,Please review the invoice register today so the month-end reconciliation can be completed on time.,organisation communication sample,malicious,business_email_compromise
2026-10-04T04:45:00,msg080,email,board@acme-corp.com,acme-corp.com,Acme Corporation Board Office,Board Secretary,Acme Corporation,Confidential board materials are available in the internal document repository. Do not forward them outside the company.,organisation communication sample,malicious,brand_identity_spoofing
2026-10-04T05:00:00,msg081,email,compliance@acme-corp.com,acme-corp.com,Acme Corporation Compliance,Compliance Officer,Acme Corporation,Please complete the mandatory compliance training before the deadline shown in the official learning portal.,organisation communication sample,borderline,borderline
2026-10-04T05:15:00,msg082,email,legal@acme-corp.com,acme-corp.com,Acme Corporation Legal,Legal Officer,Acme Corporation,The legal team requests that managers review the updated policy before Friday. Contact legal through the internal directory.,organisation communication sample,borderline,borderline
2026-10-04T05:30:00,msg083,email,security@acme-corp.com,acme-corp.com,Acme Corporation Security Team,Security Officer,Acme Corporation,Important security notice: please review the new account-protection guidance today. We will never ask for passwords.,organisation communication sample,borderline,borderline
2026-10-04T05:45:00,msg084,email,hr@acme-corp.com,acme-corp.com,Acme Corporation HR,HR Manager,Acme Corporation,Final reminder: benefits enrollment closes today. Please use the official HR portal if you still need to complete enrollment.,organisation communication sample,borderline,borderline
2026-10-04T06:00:00,msg085,email,finance@acme-corp.com,acme-corp.com,Acme Corporation Finance,Finance Officer,Acme Corporation,Urgent reminder for managers: approved invoices should be reviewed before the monthly close. No bank details are requested.,organisation communication sample,borderline,borderline
2026-10-04T06:15:00,msg086,email,registrar@acme-corp.com,acme-corp.com,Acme Corporation Administration,Registrar,Acme Corporation,The annual records review is due this week. Please follow the standard internal process for document submission.,organisation communication sample,borderline,borderline
2026-10-04T06:30:00,msg087,email,support@acme-corp.com,acme-corp.com,Acme Corporation Support,Support Team,Acme Corporation,Your support ticket is pending. Please respond through the official support portal if additional information is needed.,organisation communication sample,borderline,borderline
2026-10-04T06:45:00,msg088,email,it@acme-corp.com,acme-corp.com,Acme Corporation IT Helpdesk,IT Administrator,Acme Corporation,Important: scheduled maintenance begins tonight. Please save your work before the maintenance window.,organisation communication sample,borderline,borderline
2026-10-04T07:00:00,msg089,email,accounts@acme-corp.com,acme-corp.com,Acme Corporation Accounts,Accounts Manager,Acme Corporation,Please review the invoice register today so the month-end reconciliation can be completed on time.,organisation communication sample,borderline,borderline
2026-10-04T07:15:00,msg090,email,board@acme-corp.com,acme-corp.com,Acme Corporation Board Office,Board Secretary,Acme Corporation,Confidential board materials are available in the internal document repository. Do not forward them outside the company.,organisation communication sample,borderline,borderline
2026-10-04T07:30:00,msg091,email,ceo@acme-corp.com,acme-corp.com,Acme Corporation CEO,CEO,Acme Corporation,I am sharing the agenda for tomorrow's board meeting. No action is required today.,organisation communication sample,borderline,borderline
2026-10-04T07:45:00,msg092,email,security@acme-corp.com,acme-corp.com,Acme Corporation Security Team,Security Officer,Acme Corporation,Security awareness reminder: we will never ask for your password or OTP. Report suspicious messages through the official helpdesk.,organisation communication sample,borderline,borderline
2026-10-04T08:00:00,msg093,email,hr@acme-corp.com,acme-corp.com,Acme Corporation HR,HR Manager,Acme Corporation,Benefits enrollment is open until Friday. Use the official company intranet to review your benefits. No credentials are requested by email.,organisation communication sample,borderline,borderline
2026-10-04T08:15:00,msg094,email,finance@acme-corp.com,acme-corp.com,Acme Corporation Finance,Finance Officer,Acme Corporation,The monthly reimbursement cycle closes Friday. Review your submitted claims in the official finance portal.,organisation communication sample,borderline,borderline
2026-10-04T08:30:00,msg095,email,it@acme-corp.com,acme-corp.com,Acme Corporation IT Helpdesk,IT Administrator,Acme Corporation,Planned maintenance will take place tonight from 11 PM to midnight. No employee action is required.,organisation communication sample,borderline,borderline
2026-10-04T08:45:00,msg096,email,registrar@acme-corp.com,acme-corp.com,Acme Corporation Administration,Registrar,Acme Corporation,The annual compliance calendar has been published. Please review the dates on the official intranet.,organisation communication sample,borderline,borderline
2026-10-04T09:00:00,msg097,email,accounts@acme-corp.com,acme-corp.com,Acme Corporation Accounts,Accounts Manager,Acme Corporation,The quarterly vendor reconciliation meeting is scheduled for Thursday at 11 AM. Please bring the approved invoices.,organisation communication sample,borderline,borderline
2026-10-04T09:15:00,msg098,sms,Acme HR,acme-corp.com,Acme Corporation HR,HR Administrator,Acme Corporation,Your annual leave balance is available in the official employee portal. No action is required by SMS.,organisation communication sample,borderline,borderline
2026-10-04T09:30:00,msg099,email,legal@acme-corp.com,acme-corp.com,Acme Corporation Legal,Legal Officer,Acme Corporation,The updated travel policy is available on the official intranet. Please review it before the next business trip.,organisation communication sample,borderline,borderline
2026-10-04T09:45:00,msg100,email,board@acme-corp.com,acme-corp.com,Acme Corporation Board Office,Board Secretary,Acme Corporation,The board meeting begins at 10 AM tomorrow. The finance team should attend.,organisation communication sample,borderline,borderline
2026-10-04T10:00:00,msg101,email,security@acme-corp.com,acme-corp.com,Acme Corporation Security Team,Security Officer,Acme Corporation,"We detected a login from a new device. If this was you, no action is required. If not, contact the official helpdesk through the company directory.",organisation communication sample,benign,legitimate_organisation_communication
2026-10-04T10:15:00,msg102,email,finance@acme-corp.com,acme-corp.com,Acme Corporation Finance,CFO,Acme Corporation,The approved quarterly budget is attached for review. Please send comments through the normal finance workflow.,organisation communication sample,benign,legitimate_organisation_communication
2026-10-04T10:30:00,msg103,email,hr@acme-corp.com,acme-corp.com,Acme Corporation HR,HR Manager,Acme Corporation,The salary review cycle will begin next month. Managers will receive the schedule through the internal HR system.,organisation communication sample,benign,legitimate_organisation_communication
2026-10-04T10:45:00,msg104,email,it@acme-corp.com,acme-corp.com,Acme Corporation IT,IT Administrator,Acme Corporation,The company VPN maintenance window is scheduled for Saturday. No password or OTP will be requested.,organisation communication sample,benign,legitimate_organisation_communication
2026-10-04T11:00:00,msg105,email,support@acme-corp.com,acme-corp.com,Acme Corporation Support,Support Team,Acme Corporation,Your support ticket has been updated. You can view the status from the official support portal.,organisation communication sample,benign,legitimate_organisation_communication
2026-10-04T11:15:00,msg106,email,compliance@acme-corp.com,acme-corp.com,Acme Corporation Compliance,Compliance Officer,Acme Corporation,The annual compliance training deadline is Friday. Please complete the course through the official learning portal.,organisation communication sample,benign,legitimate_organisation_communication
2026-10-04T11:30:00,msg107,email,procurement@acme-corp.com,acme-corp.com,Acme Corporation Procurement,Procurement Head,Acme Corporation,The approved supplier list has been updated in the procurement system. Please use the normal purchase-order workflow.,organisation communication sample,benign,legitimate_organisation_communication
2026-10-04T11:45:00,msg108,email,admin@acme-corp.com,acme-corp.com,Acme Corporation Administration,Administrator,Acme Corporation,The office access-card maintenance schedule is available on the intranet. No credentials are requested.,organisation communication sample,benign,legitimate_organisation_communication
2026-10-04T12:00:00,msg109,email,legal@acme-corp.com,acme-corp.com,Acme Corporation Legal,Legal Officer,Acme Corporation,The legal team has completed its review of the vendor agreement. The signed copy is available in the document repository.,organisation communication sample,benign,legitimate_organisation_communication
2026-10-04T12:15:00,msg110,email,accounts@acme-corp.com,acme-corp.com,Acme Corporation Accounts,Accounts Manager,Acme Corporation,Please review the approved invoice register before Friday. Contact accounts through the internal directory with questions.,organisation communication sample,benign,legitimate_organisation_communication
2026-10-04T12:30:00,msg111,sms,Acme Security,acme-corp.com,Acme Corporation Security Team,Security Officer,Acme Corporation,Routine security reminder: use the official helpdesk if you receive a suspicious link. We do not request passwords by SMS.,organisation communication sample,benign,legitimate_organisation_communication
2026-10-04T12:45:00,msg112,email,hr@acme-corp.com,acme-corp.com,Acme Corporation HR,HR Manager,Acme Corporation,The employee handbook has been updated. Please review the new leave policy on the internal HR portal.,organisation communication sample,benign,legitimate_organisation_communication
2026-10-04T13:00:00,msg113,email,finance@acme-corp.com,acme-corp.com,Acme Corporation Finance,Finance Officer,Acme Corporation,The approved expense policy is now available on the internal finance portal. No payment is requested in this message.,organisation communication sample,benign,legitimate_organisation_communication
2026-10-04T13:15:00,msg114,email,ceo@acme-corp.com,acme-corp.com,Acme Corporation CEO,CEO,Acme Corporation,Thank you for the work this quarter. Please join the company town hall next Tuesday.,organisation communication sample,benign,legitimate_organisation_communication
2026-10-04T13:30:00,msg115,email,security@acme-corp.com,acme-corp.com,Acme Corporation Security Team,Security Officer,Acme Corporation,"We will never request your OTP, password or PIN. Please report suspicious messages to security@acme-corp.com.",organisation communication sample,benign,legitimate_organisation_communication
2026-10-04T13:45:00,msg116,email,ceo@acme-corp.com,acme-corp.com,Acme Corporation CEO,CEO,Acme Corporation,I am sharing the agenda for tomorrow's board meeting. No action is required today.,organisation communication sample,benign,legitimate_organisation_communication
2026-10-04T14:00:00,msg117,email,security@acme-corp.com,acme-corp.com,Acme Corporation Security Team,Security Officer,Acme Corporation,Security awareness reminder: we will never ask for your password or OTP. Report suspicious messages through the official helpdesk.,organisation communication sample,benign,legitimate_organisation_communication
2026-10-04T14:15:00,msg118,email,hr@acme-corp.com,acme-corp.com,Acme Corporation HR,HR Manager,Acme Corporation,Benefits enrollment is open until Friday. Use the official company intranet to review your benefits. No credentials are requested by email.,organisation communication sample,benign,legitimate_organisation_communication
2026-10-04T14:30:00,msg119,email,finance@acme-corp.com,acme-corp.com,Acme Corporation Finance,Finance Officer,Acme Corporation,The monthly reimbursement cycle closes Friday. Review your submitted claims in the official finance portal.,organisation communication sample,benign,legitimate_organisation_communication
2026-10-04T14:45:00,msg120,email,it@acme-corp.com,acme-corp.com,Acme Corporation IT Helpdesk,IT Administrator,Acme Corporation,Planned maintenance will take place tonight from 11 PM to midnight. No employee action is required.,organisation communication sample,benign,legitimate_organisation_communication
